<?xml version="1.0" encoding="UTF-8"?>
<configuration>

    <appender name="STDOUT"
        class="ch.qos.logback.core.ConsoleAppender">
        <encoder>
            <pattern>%d{yyyy-MM-dd HH:mm:ss.SSS} [%thread] %-5level %logger{20} - %msg%n</pattern>
        </encoder>
    </appender>

    <logger name="java.sql" level="DEBUG" />
    <logger name="egovframework" level="DEBUG" />
    <logger name="org.egovframe" level="DEBUG" />
    <logger name="jdbc.sqltiming" level="DEBUG" />
    <logger name="org.springframework" level="DEBUG" />

    <root level="DEBUG">
        <appender-ref ref="STDOUT" />
    </root>

<typeAliases></typeAliases>
</configuration>
