<?xml version="1.0" encoding="UTF-8"?>
<!DOCTYPE mapper PUBLIC "-//mybatis.org//DTD Mapper 3.0//EN" "http://mybatis.org/dtd/mybatis-3-mapper.dtd">

<mapper namespace="com.kii.potal.admin.author.service.impl.AuthorMapper">
    <insert id="insertAuthorItem"></insert>
    <update id="updateAuthorItem"></update>
    <delete id="deleteAuthorItem"></delete>


    <select id="getAuthortList" resultType="com.kii.potal.admin.author.dto.AuthorDTO"></select>
    <select id="getAuthorItem" resultType="com.kii.potal.admin.author.dto.AuthorDTO"></select>
</mapper>
