<?xml version="1.0" encoding="UTF-8"?>
<!DOCTYPE mapper PUBLIC "-//mybatis.org//DTD Mapper 3.0//EN" "http://mybatis.org/dtd/mybatis-3-mapper.dtd">

<mapper namespace="com.kii.potal.admin.chckscenario.service.impl.ChckScenarioMapper">
    <insert id="insertChckSenarioItem"></insert>
    <insert id="insertChckSenarioTagItem"></insert>
    <update id="updateChckSenarioItem"></update>
    <update id="updateChckSenarioTagItem"></update>
    <delete id="deleteChckSenarioItem"></delete>
    <delete id="deleteChckSenarioTagItem"></delete>


    <select id="getChckSenarioList" resultType="com.kii.potal.admin.chckscenario.dto.ChckScenarioDTO"></select>
    <select id="getChckSenarioTagList" resultType="com.kii.potal.admin.chckscenario.dto.ChckScenarioDTO"></select>
</mapper>
