<?xml version="1.0" encoding="UTF-8"?>
<!DOCTYPE mapper PUBLIC "-//mybatis.org//DTD Mapper 3.0//EN" "http://mybatis.org/dtd/mybatis-3-mapper.dtd">

<mapper namespace="com.kii.potal.admin.code.service.impl.CodeMapper">
    <insert id="insertCodeItem">

    </insert>

    <update id="updateCodeItem">

    </update>

    <delete id="deleteCodeItem">

    </delete>


    <select id="getCodeList" resultType="com.kii.potal.admin.code.dto.CodeDTO">

    </select>

    <select id="getCodeItem" resultType="com.kii.potal.admin.code.dto.CodeDTO">

    </select>

</mapper>
