<?xml version="1.0" encoding="UTF-8"?>
<!DOCTYPE mapper PUBLIC "-//mybatis.org//DTD Mapper 3.0//EN" "http://mybatis.org/dtd/mybatis-3-mapper.dtd">

<mapper namespace="com.kii.potal.admin.eqpdefect.service.impl.EqpDefectMapper">
    <insert id="insertEqpDefectItem"></insert>
    <update id="updateEqpDefectItem"></update>
    <delete id="deleteEqpDefectItem"></delete>


    <select id="getEqpDefectList" resultType="com.kii.potal.admin.eqpdefect.dto.EqpDefectDTO"></select>
    <select id="getEqpDefectItem" resultType="com.kii.potal.admin.eqpdefect.dto.EqpDefectDTO"></select>
</mapper>
