<?xml version="1.0" encoding="UTF-8"?>
<!DOCTYPE mapper PUBLIC "-//mybatis.org//DTD Mapper 3.0//EN" "http://mybatis.org/dtd/mybatis-3-mapper.dtd">

<mapper namespace="com.kii.potal.admin.menu.service.impl.MenuMapper">


    <select id="getMenuList" resultType="com.kii.potal.admin.menu.dto.MenuDTO">

    </select>

    <select id="getMenuItem" resultType="com.kii.potal.admin.menu.dto.MenuDTO">

    </select>

    <insert id="insertMenuItem">

    </insert>

    <update id="updateMenuItem">

    </update>

    <delete id="deleteMenuItem">

    </delete>

</mapper>
