<?xml version="1.0" encoding="UTF-8"?>
<!DOCTYPE mapper PUBLIC "-//mybatis.org//DTD Mapper 3.0//EN" "http://mybatis.org/dtd/mybatis-3-mapper.dtd">

<mapper namespace="com.kii.potal.opt.combusition.service.impl.OptMapper">



    <select id="getElementin" resultType="com.kii.potal.opt.combusition.dto.CombusitionElementInDTO" parameterType="java.util.Map">
        SELECT  ota3_id idx, 
				ota3_wp_id wpid, 
				ota3_group_cd groupcd, 
				ota3_code code, 
				ota3_name name, 
				ota3_field_nm fieldnm, 
				ota3_state_cd statecd, 
				ota3_value value, 
				ota3_act_val actval, 
				ota3_unit unit, 
				ota3_color color, 
				ota3_register_date createddate, 
				ota3_update_date updateddate
		FROM   tb_ot_elementin_manage_s e
		WHERE  ota3_wp_id = #{wpid}
		       AND ota3_code = #{code} 
    </select>
    
    <select id="getElementinByname" resultType="com.kii.potal.opt.combusition.dto.CombusitionElementInDTO" parameterType="java.util.Map">
        SELECT  ota3_id idx, 
				ota3_wp_id wpid, 
				ota3_group_cd groupcd, 
				ota3_code code, 
				ota3_name name, 
				ota3_field_nm fieldnm, 
				ota3_state_cd statecd, 
				ota3_value value, 
				ota3_act_val actval, 
				ota3_unit unit, 
				ota3_color color, 
				ota3_register_date createddate, 
				ota3_update_date updateddate
		FROM   tb_ot_elementin_manage_s e
		WHERE  ota3_wp_id = #{wpid}
		       AND ota3_name = #{name} 
    </select>
    

    <update id="updateElementin" parameterType="java.util.Map">
		UPDATE tb_ot_elementin_manage_s
		SET    ota3_wp_id = #{wpid},
		       ota3_group_cd =  #{groupcd},
		       ota3_code = #{code},
		       ota3_name = #{name},
		       ota3_field_nm = #{fieldnm},
		       ota3_state_cd = #{statecd},
		       ota3_value = #{value},
		       ota3_act_val = #{actval},
		       ota3_unit =  #{unit},
		       ota3_color = #{color},
		       ota3_update_date = now()
		WHERE   ota3_wp_id = #{wpid}
		       AND ota3_code = #{code} 
    </update>

    <insert id="insertElementin" parameterType="java.util.Map">
		INSERT INTO tb_ot_elementin_manage_s
		(	ota3_id, 
			ota3_wp_id, 
			ota3_group_cd, 
			ota3_code, 
			ota3_name, 
			ota3_field_nm, 
			ota3_state_cd, 
			ota3_value, 
			ota3_act_val, 
			ota3_unit, 
			ota3_color, 
			ota3_register_date, 
			ota3_update_date)
		VALUES(
			   #{idx},
		       #{wpid},
		       #{groupcd},
		       #{code},
		       #{name},
		       #{fieldnm},
		       #{statecd},
		       #{value},
		       #{actval},
		       #{unit},
		       #{color},
		       now(),
		       now()
		)
    </insert>

    <delete id="delElementin" parameterType="java.util.Map">
		delete from tb_ot_elementin_manage_s where ota3_wp_id = #{wpid}
		       AND ota3_code = #{code} 
    </delete>
	


	<select id="getPipeadd" resultType="com.kii.potal.opt.combusition.dto.CombusitionPipeAddDTO" parameterType="java.util.Map">
        SELECT  ota4_id idx, 
				ota4_wp_id wpid,
				ota4_group_cd groupcd, 
				ota4_code code, 
				ota4_name name, 
				ota4_field_nm fieldnm, 
				ota4_state_cd statecd, 
				ota4_value value, 
				ota4_act_val actval, 
				ota4_unit unit, 
				ota4_color color, 
				ota4_register_date createddate, 
				ota4_update_date updateddate
		FROM   tb_ot_pipeadd_manage_s e
		WHERE  ota4_wp_id = #{wpid}
		       AND ota4_code = #{code} 
    </select>
    
    <select id="getPipeaddByname" resultType="com.kii.potal.opt.combusition.dto.CombusitionPipeAddDTO" parameterType="java.util.Map">
        SELECT  ota4_id idx, 
				ota4_wp_id wpid,
				ota4_group_cd groupcd, 
				ota4_code code, 
				ota4_name name, 
				ota4_field_nm fieldnm, 
				ota4_state_cd statecd, 
				ota4_value value, 
				ota4_act_val actval, 
				ota4_unit unit, 
				ota4_color color, 
				ota4_register_date createddate, 
				ota4_update_date updateddate
		FROM   tb_ot_pipeadd_manage_s e
		WHERE  ota4_wp_id = #{wpid}
		       AND ota4_field_nm = #{fieldnm} 
    </select>
    

    <update id="updatePipeadd" parameterType="java.util.Map">
		UPDATE tb_ot_pipeadd_manage_s
		SET    ota4_wp_id = #{wpid},
		       ota4_group_cd =  #{groupcd},
		       ota4_code = #{code},
		       ota4_name = #{name},
		       ota4_field_nm = #{fieldnm},
		       ota4_state_cd = #{statecd},
		       ota4_value = #{value},
		       ota4_act_val = #{actval},
		       ota4_unit =  #{unit},
		       ota4_color = #{color},
		       ota4_update_date = now()
		WHERE ota4_wp_id = #{wpid}
		       AND ota4_code = #{code} 
    </update>

    <insert id="insertPipeadd" parameterType="java.util.Map">
		INSERT INTO tb_ot_pipeadd_manage_s
		(	ota4_id, 
			ota4_wp_id, 
			ota4_group_cd, 
			ota4_code, 
			ota4_name, 
			ota4_field_nm, 
			ota4_state_cd, 
			ota4_value, 
			ota4_act_val, 
			ota4_unit, 
			ota4_color, 
			ota4_register_date, 
			ota4_update_date)
		VALUES(
			   #{idx},
		       #{wpid},
		       #{groupcd},
		       #{code},
		       #{name},
		       #{fieldnm},
		       #{statecd},
		       #{value},
		       #{actval},
		       #{unit},
		       #{color},
		       now(),
		       now()
		)
    </insert>

    <delete id="delPipeadd" parameterType="java.util.Map">
		delete from tb_ot_pipeadd_manage_s where ota4_wp_id = #{wpid}
		       AND ota4_code = #{code} 
    </delete>

	<select id="getConstant" resultType="com.kii.potal.opt.combusition.dto.CombusitionConsTantDTO" parameterType="java.util.Map">
        SELECT  ota1_id idx, 
				ota1_wp_id wpid,
				ota1_group_cd groupcd, 
				ota1_code code, 
				ota1_name name, 
				ota1_field_nm fieldnm, 
				ota1_state_cd statecd, 
				ota1_value value, 
				ota1_act_val actval, 
				ota1_unit unit, 
				ota1_color color, 
				ota1_register_date createddate, 
				ota1_update_date updateddate
		FROM   tb_ot_constant_manage_s e
		WHERE  ota1_wp_id = #{wpid}
		       AND ota1_code = #{code} 
    </select>

	<select id="getConstantByField" resultType="com.kii.potal.opt.combusition.dto.CombusitionConsTantDTO" parameterType="java.util.Map">
        SELECT  ota1_id idx, 
				ota1_wp_id wpid,
				ota1_group_cd groupcd, 
				ota1_code code, 
				ota1_name name, 
				ota1_field_nm fieldnm, 
				ota1_state_cd statecd, 
				ota1_value value, 
				ota1_act_val actval, 
				ota1_unit unit, 
				ota1_color color, 
				ota1_register_date createddate, 
				ota1_update_date updateddate
		FROM   tb_ot_constant_manage_s e
		WHERE  ota1_wp_id = #{wpid}
		       AND ota1_field_nm = #{fieldnm} 
    </select>
    
    <update id="updateConstant" parameterType="java.util.Map">
		UPDATE tb_ot_constant_manage_s
		SET    ota1_wp_id = #{wpid},
		       ota1_group_cd =  #{groupcd},
		       ota1_code = #{code},
		       ota1_name = #{name},
		       ota1_field_nm = #{fieldnm},
		       ota1_state_cd = #{statecd},
		       ota1_value = #{value},
		       ota1_act_val = #{actval},
		       ota1_unit =  #{unit},
		       ota1_color = #{color},
		       ota1_update_date = now()
		WHERE ota1_wp_id = #{wpid}
		       AND ota1_code = #{code} 
    </update>

    <insert id="insertConstant" parameterType="java.util.Map">
		INSERT INTO tb_ot_constant_manage_s
		(	ota1_id, 
			ota1_wp_id, 
			ota1_group_cd, 
			ota1_code, 
			ota1_name, 
			ota1_field_nm, 
			ota1_state_cd, 
			ota1_value, 
			ota1_act_val, 
			ota1_unit, 
			ota1_color, 
			ota1_register_date, 
			ota1_update_date)
		VALUES(
			   #{idx},
		       #{wpid},
		       #{groupcd},
		       #{code},
		       #{name},
		       #{fieldnm},
		       #{statecd},
		       #{value},
		       #{actval},
		       #{unit},
		       #{color},
		       now(),
		       now()
		)
    </insert>

    <delete id="delConstant" parameterType="java.util.Map">
		delete from tb_ot_constant_manage_s where ota1_wp_id = #{wpid}
		       AND ota1_code = #{code} 
    </delete>
	
	<select id="getPipeoutBygroupcd" resultType="com.kii.potal.opt.combusition.dto.CombusitionPipeOutDTO" parameterType="java.util.Map">
        SELECT  ota5_id idx, 
				ota5_wp_id wpid, 
				ota5_group_cd groupcd, 
				ota5_code code, 
				ota5_name name, 
				ota5_field_nm fieldnm, 
				ota5_state_cd statecd, 
				ota5_value value, 
				ota5_act_val actval, 
				ota5_unit unit, 
				ota5_color color, 
				ota5_register_date createddate, 
				ota5_update_date updateddate
		FROM   tb_ot_pipeout_manage_s e
		WHERE  ota5_wp_id = #{wpid}
		       AND ota5_group_cd = #{groupcd} 
		       
    </select>
    
	<select id="getPipeout" resultType="com.kii.potal.opt.combusition.dto.CombusitionPipeOutDTO" parameterType="java.util.Map">
        SELECT  ota5_id idx, 
				ota5_wp_id wpid, 
				ota5_group_cd groupcd, 
				ota5_code code, 
				ota5_name name, 
				ota5_field_nm fieldnm, 
				ota5_state_cd statecd, 
				ota5_value value, 
				ota5_act_val actval, 
				ota5_unit unit, 
				ota5_color color, 
				ota5_register_date createddate, 
				ota5_update_date updateddate
		FROM   tb_ot_pipeout_manage_s e
		WHERE  ota5_wp_id = #{wpid}
		       AND ota5_code = #{code} 
		       
    </select>

	<select id="getPipeoutByField" resultType="com.kii.potal.opt.combusition.dto.CombusitionPipeOutDTO" parameterType="java.util.Map">
        SELECT  ota5_id idx, 
				ota5_wp_id wpid, 
				ota5_group_cd groupcd, 
				ota5_code code, 
				ota5_name name, 
				ota5_field_nm fieldnm, 
				ota5_state_cd statecd, 
				ota5_value value, 
				ota5_act_val actval, 
				ota5_unit unit, 
				ota5_color color, 
				ota5_register_date createddate, 
				ota5_update_date updateddate
		FROM   tb_ot_pipeout_manage_s e
		WHERE  ota5_wp_id = #{wpid}
		       AND ota5_field_nm = #{fieldnm} 
		       
    </select>
    
    <update id="updatePipeout" parameterType="java.util.Map">
		UPDATE tb_ot_pipeout_manage_s
		SET    ota5_wp_id = #{wpid},
		       ota5_group_cd =  #{groupcd},
		       ota5_code = #{code},
		       ota5_name = #{name},
		       ota5_field_nm = #{fieldnm},
		       ota5_state_cd = #{statecd},
		       ota5_value = #{value},
		       ota5_act_val = #{actval},
		       ota5_unit =  #{unit},
		       ota5_color = #{color},
		       ota5_update_date = now()
		WHERE ota5_wp_id = #{wpid}
		       AND ota5_code = #{code} 
		       AND ota5_group_cd  =  #{groupcd}
    </update>

	<update id="updatePipeoutValue" parameterType="java.util.Map">
		UPDATE tb_ot_pipeout_manage_s
		SET    ota5_value = #{value},
		       ota5_update_date = now()
		WHERE ota5_wp_id = #{wpid}
		       AND ota5_field_nm = #{fieldnm} 
		       AND ota5_group_cd  =  #{groupcd}
    </update>
    
    <insert id="insertPipeout" parameterType="java.util.Map">
		INSERT INTO tb_ot_pipeout_manage_s
		(	ota5_id, 
			ota5_wp_id, 
			ota5_group_cd, 
			ota5_code, 
			ota5_name, 
			ota5_field_nm, 
			ota5_state_cd, 
			ota5_value, 
			ota5_act_val, 
			ota5_unit, 
			ota5_color, 
			ota5_register_date, 
			ota5_update_date)
		VALUES(
			   #{idx},
		       #{wpid},
		       #{groupcd},
		       #{code},
		       #{name},
		       #{fieldnm},
		       #{statecd},
		       #{value},
		       #{actval},
		       #{unit},
		       #{color},
		       now(),
		       now()
		)
    </insert>

    <delete id="delPipeout" parameterType="java.util.Map">
		delete from tb_ot_pipeout_manage_s where ota5_wp_id = #{wpid}
		       AND ota5_code = #{code} 
    </delete>
    
    <select id="getCp" resultType="com.kii.potal.opt.combusition.dto.CombusitionCpDTO" parameterType="java.util.Map">
	    SELECT 
			    ota2_id 	idx	,
				ota2_wp_id 	wpid	,
				ota2_cp_type 	cptype	,
				ota2_cp_index 	cpindex	,
				ota2_state_cd 	statecd	,
				ota2_temp 	temp	,
				ota2_o2_value 	o2	,
				ota2_n2_value 	n2	,
				ota2_co2_value 	co2	,
				ota2_co_value 	co	,
				ota2_no_value 	no	,
				ota2_so2_value 	so2	,
				ota2_h2o_value 	h2o	,
				ota2_hcl_value 	hcl	,
				ota2_airlo_value 	airlo	,
				ota2_mixgas_value 	mixgas	,
				ota2_slope_value 	slope	,
				ota2_register_date 	createddate	,
				ota2_update_date	updateddate	,
		FROM tb_ot_cp_manage_s
		WHERE  ota2_wp_id = #{wpid} 
			       AND ota2_state_cd = 'A' 
			       order by ota2_cp_type, ota2_temp asc
    </select>
    <select id="getCpBytemp" resultType="com.kii.potal.opt.combusition.dto.CombusitionCpDTO" parameterType="java.util.Map">
	    SELECT 
			    ota2_id 	idx	,
				ota2_wp_id 	wpid	,
				ota2_cp_type 	cptype	,
				ota2_cp_index 	cpindex	,
				ota2_state_cd 	statecd	,
				ota2_temp 	temp	,
				ota2_o2_value 	o2	,
				ota2_n2_value 	n2	,
				ota2_co2_value 	co2	,
				ota2_co_value 	co	,
				ota2_no_value 	no	,
				ota2_so2_value 	so2	,
				ota2_h2o_value 	h2o	,
				ota2_hcl_value 	hcl	,
				ota2_airlo_value 	airlo	,
				ota2_mixgas_value 	mixgas	,
				ota2_slope_value 	slope	,
				ota2_register_date 	createddate	,
				ota2_update_date	updateddate	,
		FROM tb_ot_cp_manage_s
		WHERE  ota2_temp = #{temp} 
			       AND ota2_state_cd = 'A' 
    </select>
    <delete id="delCp" parameterType="java.util.Map">
		delete from tb_ot_cp_manage_s where ota2_id = #{idx} 
    </delete>
    <insert id="insertCp" parameterType="java.util.Map">
		INSERT INTO tb_ot_cp_manage_s
		(ota2_id, 
		 ota2_wp_id, 
		 ota2_cp_type, 
		 ota2_cp_index, 
		 ota2_state_cd, 
		 ota2_temp, 
		 ota2_o2_value, 
		 ota2_n2_value, 
		 ota2_co2_value, 
		 ota2_co_value, 
		 ota2_no_value, 
		 ota2_so2_value, 
		 ota2_h2o_value, 
		 ota2_hcl_value, 
		 ota2_airlo_value, 
		 ota2_mixgas_value, 
		 ota2_slope_value, 
		 ota2_register_date, 
		 ota2_update_date
		 )
		VALUES(
		 #{idx},
		 #{wpid},
		 #{cptype},
		 #{cpindex},
		 #{statecd},
		 #{temp},
		 #{o2},
		 #{n2},
		 #{co2},
		 #{co},
		 #{no},
		 #{so2},
		 #{h2o},
		 #{hcl},
		 #{airlo},
		 #{mixgas},
		 #{slope} , 
		 now(), 
		 now()
		 )
    </insert>

</mapper>
