<?xml version="1.0" encoding="UTF-8"?>
<!DOCTYPE mapper PUBLIC "-//mybatis.org//DTD Mapper 3.0//EN" "http://mybatis.org/dtd/mybatis-3-mapper.dtd">

<mapper namespace="com.kii.potal.admin.user.service.impl.UserMapper">



    <select id="getUserList" resultType="com.kii.potal.admin.user.dto.UserDTO">
        select * from tb_po_usr_m
    </select>
    <select id="getUserItem" resultType="com.kii.potal.admin.user.dto.UserDTO">

    </select>


    <update id="updateUserItem">

    </update>

    <insert id="insertUserItem">

    </insert>

    <delete id="delUserItem">

    </delete>

    <select id="getDuplicate" resultType="java.lang.Boolean">

    </select>

</mapper>
